Continent,Code,Year,Share of global mismanaged plastic waste
Africa,,2019,22.16170312
Asia,,2019,64.56010729
Europe,,2019,1.911360336
North America,,2019,3.120234015
Oceania,,2019,0.220977536
South America,,2019,8.001000426